,name,homepage,category,description,resource,labels,projectrank,show,github_id,npm_id,github_url,license,created_at,updated_at,last_commit_pushed_at,commit_count,recent_commit_count,fork_count,watchers_count,pr_count,open_issue_count,closed_issue_count,star_count,latest_stable_release_published_at,latest_stable_release_number,release_count,dependent_project_count,github_dependent_project_count,contributor_count,npm_url,npm_monthly_downloads,monthly_downloads,projectrank_placing,github_release_downloads,dockerhub_id,dockerhub_url,dockerhub_latest_release_published_at,dockerhub_stars,dockerhub_pulls,pypi_id,pypi_url,pypi_monthly_downloads,trending,helm_id,maven_id,maven_url,brew_id,gem_url,apt_id,updated_github_id,github-id
0,weboftrust,https://github.com/WebOfTrust,groups,Standards Relating to a Web Of Trust Based on Autonomic Identifier Systems.,True,['weboftrust'],0,True,,,,,,,,,,,,,,,,,,,,,,,,,,,,,,,,,,,,,,,,,,,
1,ietf,https://github.com/ietf,groups,Internet Engineering Task Force.,True,,0,True,,,,,,,,,,,,,,,,,,,,,,,,,,,,,,,,,,,,,,,,,,,
2,identity-foundation,https://identity.foundation/,groups,"Developing the foundational components of an open, standards-based, decentralized identity ecosystem for people,..",True,,0,True,,,,,,,,,,,,,,,,,,,,,,,,,,,,,,,,,,,,,,,,,,,
3,solidproject,https://github.com/solid,groups,Re-decentralizing the web.,True,['solid'],0,True,,,,,,,,,,,,,,,,,,,,,,,,,,,,,,,,,,,,,,,,,,,
4,w3c,https://github.com/w3c,groups,We are an international community that develops open standards to ensure the long-term growth of the Web.,True,['w3c'],0,True,,,,,,,,,,,,,,,,,,,,,,,,,,,,,,,,,,,,,,,,,,,
5,openid,https://github.com/openid,groups,The OpenID Foundation.,True,['openid'],0,True,,,,,,,,,,,,,,,,,,,,,,,,,,,,,,,,,,,,,,,,,,,
6,trustoverip,https://github.com/trustoverip,groups,Trust over IP Foundation.,True,,0,True,,,,,,,,,,,,,,,,,,,,,,,,,,,,,,,,,,,,,,,,,,,
7,openwallet-foundation,https://github.com/openwallet-foundation,groups,OpenWallet Foundation.,True,,0,True,,,,,,,,,,,,,,,,,,,,,,,,,,,,,,,,,,,,,,,,,,,
8,kantara,https://github.com/KantaraInitiative,groups,Kantara Initiative.,True,,0,True,,,,,,,,,,,,,,,,,,,,,,,,,,,,,,,,,,,,,,,,,,,
9,fido alliance,https://github.com/fido-alliance,groups,FIDO Alliance.,True,,0,True,,,,,,,,,,,,,,,,,,,,,,,,,,,,,,,,,,,,,,,,,,,
10,mosip,https://github.com/mosip,groups,Modular Open Source Identity Platform.,True,,0,True,,,,,,,,,,,,,,,,,,,,,,,,,,,,,,,,,,,,,,,,,,,
11,nextauthjs,https://github.com/nextauthjs/next-auth,authentication,Authentication for the Web.,,,43,True,nextauthjs/next-auth,next-auth,https://github.com/nextauthjs/next-auth,ISC,2018-01-27 12:28:16,2024-04-25 18:12:23.000000,2024-04-25 18:11:56,3190.0,373.0,2867.0,102.0,2496.0,256.0,3942.0,22167.0,2024-04-25 15:53:34,@auth/drizzle-adapter@1.0.1,100.0,229188.0,229188.0,682.0,https://www.npmjs.com/package/next-auth,3691760.0,3691760.0,1.0,,,,,,,,,,,,,,,,,,
12,cert-manager,https://github.com/cert-manager/cert-manager,pki,Automatically provision and manage TLS certificates in Kubernetes.,,['linux-foundation'],41,True,cert-manager/cert-manager,,https://github.com/cert-manager/cert-manager,Apache-2.0,2017-05-24 16:25:59,2024-04-25 16:21:02.000000,2024-04-25 16:07:33,8678.0,259.0,1962.0,147.0,3438.0,178.0,3105.0,11462.0,2024-04-25 11:37:03,1.14.5,100.0,996.0,996.0,448.0,,,2257568.0,1.0,79014912.0,,,,,,,,,,,,,,,,,
13,coredns,https://github.com/coredns/coredns,machine,CoreDNS is a DNS server that chains plugins.,,"['linux-foundation', 'cncf']",40,True,coredns/coredns,,https://github.com/coredns/coredns,Apache-2.0,2016-03-18 20:56:45,2024-04-24 21:16:01.000000,2024-04-24 07:27:37,3887.0,67.0,1961.0,239.0,4217.0,125.0,2134.0,11952.0,2023-08-15 20:00:30,1.11.1,67.0,6007.0,6007.0,384.0,,,2909407.0,1.0,7306866.0,coredns/coredns,https://hub.docker.com/r/coredns/coredns,2023-08-15 20:02:07.060982,152.0,274423911.0,,,,,,,,,,,,
14,open-policy-agent,https://github.com/open-policy-agent/opa,authorization,"Open Policy Agent (OPA) is an open source, general-purpose policy engine.",,"['cncf', 'linux-foundation']",40,True,open-policy-agent/opa,,https://github.com/open-policy-agent/opa,Apache-2.0,2015-12-28 22:08:25,2024-04-25 17:43:37.115929,2024-04-25 17:05:57,5056.0,92.0,1247.0,125.0,4185.0,342.0,2170.0,9171.0,2024-04-25 17:21:16,0.64.0,100.0,3826.0,3826.0,453.0,,,5524717.0,1.0,6683720.0,openpolicyagent/opa,https://hub.docker.com/r/openpolicyagent/opa,2024-04-25 17:43:37.115929,41.0,540094579.0,,,,,,,,,,,,
15,speechbrain,https://github.com/speechbrain/speechbrain,biometrics,A PyTorch-based Speech Toolkit.,,,39,True,speechbrain/speechbrain,,https://github.com/speechbrain/speechbrain,Apache-2.0,2020-04-28 17:48:45,2024-04-25 17:30:33.000000,2024-04-25 15:42:28,9794.0,159.0,1255.0,127.0,1186.0,78.0,942.0,7882.0,2024-02-26 20:54:49,1.0.0,11.0,1774.0,1774.0,234.0,,,3619293.0,1.0,,,,,,,speechbrain,https://pypi.org/project/speechbrain,3619293.0,,,,,,,,,
16,oauthlib,https://github.com/oauthlib/oauthlib,authentication,"A generic, spec-compliant, thorough implementation of the OAuth request-signing logic.",,,39,True,oauthlib/oauthlib,,https://github.com/oauthlib/oauthlib,BSD-3-Clause,2011-11-19 23:08:51,2024-02-06 14:46:47.000000,2024-01-06 20:50:34,1694.0,,466.0,67.0,496.0,80.0,293.0,2740.0,2023-01-10 13:13:43,3.2.2,48.0,518725.0,518725.0,195.0,,,106660363.0,1.0,,,,,,,oauthlib,https://pypi.org/project/oauthlib,106660363.0,,,,,,,,,
17,keycloak,https://github.com/keycloak/keycloak,idp,Open Source Identity and Access Management For Modern Applications and Services.,,['cncf'],38,True,keycloak/keycloak,,https://github.com/keycloak/keycloak,Apache-2.0,2013-07-02 13:38:51,2024-04-25 18:08:45.000000,2024-04-25 18:08:45,24819.0,951.0,6111.0,373.0,15307.0,1779.0,7907.0,19860.0,2024-04-16 17:20:28,24.0.3,55.0,,,1388.0,,,67619.0,1.0,2704792.0,quay.io/keycloak/keycloak,https://hub.docker.com/r/quay.io/keycloak/keycloak,,,,,,,,,,,,,,,
18,passport,https://github.com/jaredhanson/passport,authentication,"Simple, unobtrusive authentication for Node.js.",,,37,True,jaredhanson/passport,passport,https://github.com/jaredhanson/passport,MIT,2011-10-08 22:38:32,2024-02-13 20:03:34.000000,2024-01-26 23:38:34,625.0,,1205.0,308.0,157.0,339.0,428.0,22429.0,,,,1043306.0,1043306.0,38.0,https://www.npmjs.com/package/passport,10288656.0,10288656.0,1.0,,,,,,,,,,1.0,,,,,,,,
19,ory-hydra,https://github.com/ory/hydra,authentication,"OpenID Certified OpenID Connect and OAuth Provider written in Go - cloud native, security-first, open source API..",,['ory'],37,True,ory/hydra,,https://github.com/ory/hydra,Apache-2.0,2015-05-22 12:42:08,2024-04-22 14:11:29.000000,2024-04-22 14:11:28,3811.0,52.0,1348.0,232.0,1770.0,82.0,1408.0,15146.0,2024-02-12 11:37:33,2.2.0,100.0,3.0,3.0,292.0,,,3904066.0,1.0,760713.0,oryd/hydra,https://hub.docker.com/r/oryd/hydra,2024-02-12 11:37:33.043853,75.0,416620197.0,,,,,https://k8s.ory.sh/helm/charts,,,,,,,
20,deepface,https://github.com/serengil/deepface,biometrics,"A Lightweight Face Recognition and Facial Attribute Analysis (Age, Gender, Emotion and Race) Library for Python.",,,37,True,serengil/deepface,,https://github.com/serengil/deepface,MIT,2020-02-08 20:42:28,2024-04-24 18:24:46.000000,2024-04-23 07:04:07,1424.0,241.0,1775.0,133.0,190.0,2.0,1016.0,9991.0,2024-04-16 21:08:09,0.0.90,10.0,2975.0,2975.0,60.0,,,63388.0,1.0,,,,,,,deepface,https://pypi.org/project/deepface,63388.0,,,,,,,,,
21,authlib,https://github.com/lepture/authlib,authentication,"The ultimate Python library in building OAuth, OpenID Connect clients and servers. JWS,JWE,JWK,JWA,JWT included.",,,37,True,lepture/authlib,,https://github.com/lepture/authlib,BSD-3-Clause,2017-10-27 06:52:26,2024-04-23 08:31:42.000000,2024-04-08 13:03:35,1391.0,16.0,409.0,60.0,199.0,81.0,350.0,4263.0,2023-12-17 12:54:58,1.3.0,33.0,32273.0,32273.0,113.0,,,8683303.0,1.0,,,,,,,authlib,https://pypi.org/project/authlib,8683303.0,,,,,,,,,
22,vault,https://github.com/hashicorp/vault,pki,"A tool for secrets management, encryption as a service, and privileged access management.",,['hashicorp'],36,False,hashicorp/vault,,https://github.com/hashicorp/vault,,2015-02-25 00:15:59,2024-04-25 18:16:36.000000,2024-04-25 15:40:19,19486.0,575.0,3945.0,824.0,20515.0,1015.0,4961.0,29643.0,2024-04-23 21:51:34,1.16.2,100.0,7122.0,7122.0,1473.0,,,,1.0,,,,,,,,,,,,,,,,,,
23,ory-kratos,https://github.com/ory/kratos,idp,"Next-gen identity server replacing your Auth0, Okta, Firebase with hardened security and PassKeys, SMS, OIDC, Social..",,['ory'],36,True,ory/kratos,,https://github.com/ory/kratos,Apache-2.0,2018-05-29 16:09:37,2024-04-25 17:25:32.000000,2024-04-25 13:26:49,4215.0,120.0,905.0,113.0,1907.0,182.0,1070.0,10575.0,2024-02-20 12:26:07,1.1.0,44.0,327.0,327.0,221.0,,,1593828.0,1.0,39188.0,oryd/kratos,https://hub.docker.com/r/oryd/kratos,2024-02-20 12:26:07.173920,17.0,113107283.0,,,,,https://k8s.ory.sh/helm/charts,,,,,,,
24,casl,https://github.com/stalniy/casl,authorization,CASL is an isomorphic authorization JavaScript library which restricts what resources a given user is allowed to access.,,,35,True,stalniy/casl,@casl/ability,https://github.com/stalniy/casl,MIT,2017-07-18 17:49:47,2024-04-23 11:54:34.000000,2024-04-23 11:51:21,1568.0,35.0,252.0,40.0,395.0,13.0,441.0,5587.0,2024-03-27 10:22:02,@casl/mongoose@7.3.1,100.0,70820.0,70820.0,68.0,https://www.npmjs.com/package/@casl/ability,2246420.0,2246420.0,1.0,,,,,,,,,,,,,,,,,,
25,casbin,https://github.com/casbin/casbin,authorization,"An authorization library that supports access control models like ACL, RBAC, ABAC in Golang:..",,,34,True,casbin/casbin,casbin,https://github.com/casbin/casbin,Apache-2.0,2017-04-08 07:51:23,2024-04-07 09:25:56.000000,2024-04-07 09:21:56,1092.0,9.0,1578.0,230.0,494.0,44.0,749.0,16866.0,2024-04-07 09:23:08,2.87.1,100.0,2975.0,2975.0,143.0,https://www.npmjs.com/package/casbin,188301.0,307894.0,2.0,,,,,,,casbin,https://pypi.org/project/casbin,119593.0,,,org.casbin:casbin-spring-boot-starter,https://search.maven.org/artifact/org.casbin/casbin-spring-boot-starter,,,,,
26,ockam,https://github.com/build-trust/ockam,machine,"Orchestrate end-to-end encryption, cryptographic identities, mutual authentication, and authorization policies between..",,,34,True,build-trust/ockam,,https://github.com/build-trust/ockam,Apache-2.0,2018-11-30 18:57:01,2024-04-25 17:37:26.000000,2024-04-25 16:40:18,8384.0,544.0,556.0,58.0,6039.0,315.0,1439.0,4349.0,2024-04-12 21:06:47,ockam_v0.121.0,100.0,183.0,183.0,310.0,,,12813.0,2.0,358782.0,,,,,,,,,,,,,build-trust/ockam/ockam,,,,
27,face-api-js,https://github.com/justadudewhohacks/face-api.js,biometrics,JavaScript API for face detection and face recognition in the browser and nodejs with tensorflow.js.,,,33,False,justadudewhohacks/face-api.js,face-api.js,https://github.com/justadudewhohacks/face-api.js,MIT,2018-05-19 06:14:53,2024-01-24 09:25:35.000000,2020-04-22 16:40:10,488.0,,3554.0,338.0,109.0,433.0,390.0,16096.0,2020-03-22 14:01:55,0.22.2,38.0,8967.0,8967.0,25.0,https://www.npmjs.com/package/face-api.js,104021.0,104021.0,2.0,,,,,,,,,,,,,,,,,,
28,cas,https://github.com/apereo/cas,idp,Apereo CAS - Identity & Single Sign On for all earthlings and beyond.,,,33,True,apereo/cas,,https://github.com/apereo/cas,Apache-2.0,2011-09-09 01:36:42,2024-04-25 00:51:48.233912,2024-04-13 10:12:37,25060.0,422.0,3847.0,604.0,4686.0,,,10767.0,2024-03-29 09:25:57,7.0.3,100.0,21.0,21.0,347.0,,,6266.0,2.0,,apereo/cas,https://hub.docker.com/r/apereo/cas,2024-04-25 00:51:48.233912,129.0,946252.0,,,,,,,,,,,,
29,spicedb,https://github.com/authzed/spicedb,authorization,"Open Source, Google Zanzibar-inspired permissions database to enable fine-grained access control for customer..",,,33,True,authzed/spicedb,,https://github.com/authzed/spicedb,Apache-2.0,2021-08-16 15:32:09,2024-04-24 22:51:49.000000,2024-04-24 22:48:34,3761.0,292.0,241.0,37.0,1409.0,97.0,332.0,4519.0,2024-04-16 12:48:56,1.31.0,71.0,52.0,52.0,44.0,,,72781.0,2.0,58573.0,authzed/spicedb,https://hub.docker.com/r/authzed/spicedb,2024-04-16 19:40:23.945877,7.0,2268563.0,,,,,,,,,,,,
30,pomerium,https://github.com/pomerium/pomerium,machine,Pomerium is an identity and context-aware access proxy.,,,33,True,pomerium/pomerium,,https://github.com/pomerium/pomerium,Apache-2.0,2019-01-01 08:04:37,2024-04-25 15:33:10.000000,2024-04-24 23:35:18,3414.0,116.0,274.0,39.0,4060.0,81.0,890.0,3850.0,2024-04-05 20:18:47,0.25.2,100.0,18.0,18.0,91.0,,,22562178.0,2.0,55386.0,pomerium/pomerium,https://hub.docker.com/r/pomerium/pomerium,2024-04-25 00:21:13.436433,10.0,1421348817.0,,,,,,,,,,,,
31,pysaml2,https://github.com/IdentityPython/pysaml2,authentication,Python implementation of SAML2.,,,33,True,IdentityPython/pysaml2,,https://github.com/IdentityPython/pysaml2,Apache-2.0,2012-05-23 21:12:14,2024-04-24 15:14:06.000000,2024-04-24 15:14:06,3605.0,6.0,392.0,31.0,526.0,77.0,357.0,540.0,2024-01-30 11:50:06,7.5.0,51.0,1724.0,1724.0,174.0,,,628129.0,2.0,,,,,,,pysaml2,https://pypi.org/project/pysaml2,628129.0,,,,,,,,,
32,ageitgey-face-recognition,https://github.com/ageitgey/face_recognition,biometrics,The worlds simplest facial recognition api for Python and the command line.,,,32,False,ageitgey/face_recognition,,https://github.com/ageitgey/face_recognition,MIT,2017-03-03 21:52:39,2024-02-24 12:51:59.000000,2022-06-10 09:12:18,238.0,,13035.0,1566.0,227.0,732.0,584.0,51781.0,2018-04-02 17:18:43,1.2.2,2.0,21.0,21.0,54.0,,,251999.0,2.0,1230.0,animcogn/face_recognition,https://hub.docker.com/r/animcogn/face_recognition,2021-08-17 00:42:22.824355,16.0,7696.0,face_recognition,https://pypi.org/project/face_recognition,251895.0,,,,,,,,,
33,paddlespeech,https://github.com/PaddlePaddle/PaddleSpeech,biometrics,"Easy-to-use Speech Toolkit including Self-Supervised Learning model, SOTA/Streaming ASR with punctuation, Streaming..",,,32,True,PaddlePaddle/PaddleSpeech,,https://github.com/PaddlePaddle/PaddleSpeech,Apache-2.0,2017-11-14 12:36:30,2024-04-16 08:38:52.000000,2024-03-04 02:55:39,4740.0,3.0,1765.0,183.0,1696.0,486.0,1363.0,10142.0,2023-04-14 09:36:52,r1.4.1,15.0,100.0,100.0,136.0,,,267405.0,2.0,,,,,,,paddlepaddle,https://pypi.org/project/paddlepaddle,267405.0,,,,,,,,,
34,spire,https://github.com/spiffe/spire,machine,The SPIFFE Runtime Environment.,,"['cncf', 'linux-foundation']",32,True,spiffe/spire,,https://github.com/spiffe/spire,Apache-2.0,2017-08-11 18:46:51,2024-04-25 16:32:11.000000,2024-04-25 14:22:55,6564.0,179.0,442.0,77.0,3710.0,148.0,1231.0,1668.0,2024-04-06 00:05:44,1.9.4,100.0,143.0,143.0,186.0,,,3170.0,2.0,234607.0,ghcr.io/spiffe/spire-server,https://hub.docker.com/r/ghcr.io/spiffe/spire-server,,,,,,,,,,,,,,,
35,wso2-identity-server,https://github.com/wso2/product-is,idp,Welcome to the WSO2 Identity Server source code! For info on working with the WSO2 Identity Server repository and..,,,32,True,wso2/product-is,,https://github.com/wso2/product-is,Apache-2.0,2014-04-21 08:55:36,2024-04-25 18:13:19.000000,2024-04-25 12:48:22,13020.0,615.0,699.0,118.0,6775.0,4092.0,9271.0,749.0,2024-03-04 08:48:32,7.0.0,100.0,,,699.0,,,16176.0,2.0,11168.0,wso2/wso2is,https://hub.docker.com/r/wso2/wso2is,2024-03-08 07:03:37.681569,35.0,1906848.0,,,,,,,,,,,,
36,authelia,https://github.com/authelia/authelia,idp,The Single Sign-On Multi-Factor portal for web apps.,,,31,True,authelia/authelia,,https://github.com/authelia/authelia,Apache-2.0,2016-12-07 00:56:57,2024-04-25 18:15:13.000000,2024-04-25 10:12:32,5712.0,511.0,1022.0,158.0,5539.0,59.0,1159.0,19552.0,2024-04-15 03:51:44,4.38.8,100.0,,,162.0,,,747.0,2.0,36649.0,,,,,,,,,,,,,,,,,
37,dex,https://github.com/dexidp/dex,authentication,OpenID Connect (OIDC) identity and OAuth 2.0 provider with pluggable connectors.,,['linux-foundation'],31,True,dexidp/dex,,https://github.com/dexidp/dex,Apache-2.0,2015-08-17 17:57:06,2024-04-24 04:06:03.000000,2024-04-15 17:11:09,2836.0,130.0,1535.0,172.0,2154.0,295.0,812.0,9025.0,2024-04-09 11:55:18,2.39.1,83.0,158.0,158.0,239.0,,,3.0,2.0,312.0,quay.io/dexidp/dex,https://hub.docker.com/r/quay.io/dexidp/dex,,,,,,,,,,,,,,,
38,casdoor,https://github.com/casdoor/casdoor,idp,An open-source UI-first Identity and Access Management (IAM) / Single-Sign-On (SSO) platform with web UI supporting..,,,31,True,casdoor/casdoor,,https://github.com/casdoor/casdoor,Apache-2.0,2020-10-22 14:40:03,2024-04-24 07:34:23.457923,2024-04-24 07:19:30,2412.0,187.0,1002.0,63.0,1462.0,99.0,1196.0,8618.0,2024-04-24 07:28:46,1.600.0,100.0,3.0,3.0,174.0,,,4177.0,2.0,,casbin/casdoor,https://hub.docker.com/r/casbin/casdoor,2024-04-24 07:34:23.457923,13.0,175440.0,,,,,,,,,,,,
39,boundary,https://github.com/hashicorp/boundary,machine,Boundary enables identity-based access management for dynamic infrastructure.,,['hashicorp'],31,False,hashicorp/boundary,,https://github.com/hashicorp/boundary,,2020-01-08 18:24:07,2024-04-25 17:47:15.000000,2024-04-25 16:57:18,4125.0,240.0,268.0,201.0,4377.0,89.0,253.0,3795.0,2024-04-09 20:31:26,0.15.4,55.0,8.0,8.0,160.0,,,273635.0,3.0,,hashicorp/boundary,https://hub.docker.com/r/hashicorp/boundary,2024-04-09 20:33:27.875004,14.0,13955423.0,,,,,,,,,,,,
40,insightface,https://github.com/deepinsight/insightface,biometrics,State-of-the-art 2D and 3D Face Analysis Project.,,,30,False,deepinsight/insightface,,https://github.com/deepinsight/insightface,,2017-09-01 00:36:51,2024-04-16 17:01:38.000000,2024-04-16 17:01:38,2284.0,1.0,5078.0,499.0,154.0,1047.0,1355.0,21268.0,2023-04-02 07:43:27,0.7,1.0,2016.0,2016.0,58.0,,,241268.0,3.0,2895215.0,animcogn/insightface,https://hub.docker.com/r/animcogn/insightface,2021-03-18 22:57:48.799620,,141.0,,,,,,,,,,,,
41,logto,https://github.com/logto-io/logto,idp,The better identity infrastructure for developers and the open-source alternative to Auth0.,,,30,True,logto-io/logto,,https://github.com/logto-io/logto,MPL-2.0,2021-06-19 03:01:50,2024-04-25 17:27:31.000000,2024-04-25 14:16:59,6085.0,504.0,332.0,40.0,5352.0,82.0,292.0,7226.0,2024-04-10 14:00:25,1.15.0,56.0,11.0,11.0,52.0,,,2184.0,2.0,3187.0,svhd/logto,https://hub.docker.com/r/svhd/logto,2024-04-25 14:25:26.643154,2.0,69782.0,,,,,,,,,,,,
42,doorkeeper,https://github.com/doorkeeper-gem/doorkeeper,authentication,Doorkeeper is an OAuth 2 provider for Ruby on Rails / Grape.,,,30,True,doorkeeper-gem/doorkeeper,,https://github.com/doorkeeper-gem/doorkeeper,MIT,2011-11-18 13:02:01,2024-04-24 10:44:56.000000,2024-04-24 10:43:31,2415.0,25.0,1010.0,108.0,832.0,29.0,838.0,5252.0,2024-04-24 10:44:56,5.7.0,66.0,8643.0,8643.0,322.0,,,,2.0,,,,,,,,,,1.0,,,,,doorkeeper,,,
43,yubikey-manager,https://github.com/Yubico/yubikey-manager,pki,Python library and command line tool for configuring any YubiKey over all USB interfaces.,,,30,True,Yubico/yubikey-manager,,https://github.com/Yubico/yubikey-manager,BSD-2-Clause,2016-07-04 14:23:53,2024-04-24 07:59:11.000000,2024-04-24 07:48:23,2705.0,49.0,119.0,60.0,310.0,30.0,256.0,810.0,2024-03-27 08:06:51,5.4.0,37.0,135.0,135.0,46.0,,,106194.0,2.0,9809.0,,,,,,yubikey-manager,https://pypi.org/project/yubikey-manager,106089.0,,,,,,,,,
44,py_webauthn,https://github.com/duo-labs/py_webauthn,authentication,Pythonic WebAuthn.,,,30,True,duo-labs/py_webauthn,,https://github.com/duo-labs/py_webauthn,BSD-3-Clause,2017-11-10 18:02:28,2024-03-28 21:00:00.000000,2024-03-28 20:56:35,462.0,22.0,155.0,37.0,117.0,4.0,89.0,797.0,2024-03-28 21:00:33,2.1.0,26.0,1034.0,1034.0,27.0,,,89572.0,2.0,,,,,,,webauthn,https://pypi.org/project/webauthn,89572.0,,,,,,,,,
45,faceswap,https://github.com/deepfakes/faceswap,biometrics,Deepfakes Software For All.,,,29,True,deepfakes/faceswap,,https://github.com/deepfakes/faceswap,GPL-3.0,2017-12-19 09:44:13,2024-04-21 19:04:00.000000,2024-04-21 19:03:42,1820.0,33.0,12754.0,1528.0,519.0,17.0,829.0,49209.0,2023-06-18 18:08:19,2.2.0,4.0,,,97.0,,,4858.0,3.0,301226.0,,,,,,,,,,,,,,,,,
46,keto,https://github.com/ory/keto,authorization,"Open Source (Go) implementation of Zanzibar: Googles Consistent, Global Authorization System. Ships gRPC, REST APIs,..",,['ory'],29,True,ory/keto,,https://github.com/ory/keto,Apache-2.0,2018-03-17 10:40:15,2024-04-24 07:55:21.000000,2024-04-24 07:55:19,1511.0,19.0,330.0,57.0,1127.0,36.0,276.0,4618.0,,,52.0,29.0,29.0,72.0,,,699209.0,2.0,21551.0,oryd/keto,https://hub.docker.com/r/oryd/keto,2024-02-01 15:34:43.379158,8.0,51018145.0,,,,,,,,,,,,
47,oathkeeper,https://github.com/ory/oathkeeper,machine,"A cloud native Identity & Access Proxy / API (IAP) and Access Control Decision API that authenticates, authorizes, and..",,['ory'],29,True,ory/oathkeeper,,https://github.com/ory/oathkeeper,Apache-2.0,2017-09-25 11:04:45,2024-04-24 16:38:44.000000,2024-04-15 08:14:09,1363.0,9.0,330.0,47.0,722.0,53.0,280.0,3203.0,2024-02-29 16:17:31,0.40.7,100.0,3.0,3.0,111.0,,,1118061.0,3.0,37186.0,oryd/oathkeeper,https://hub.docker.com/r/oryd/oathkeeper,2024-02-29 16:17:31.079046,36.0,88288792.0,,,,,,,,,,,,
48,node-solid-server,https://github.com/nodeSolidServer/node-solid-server,ssi-agents,Solid server on top of the file-system in NodeJS.,,['solid'],29,True,nodesolidserver/node-solid-server,solid-server,https://github.com/nodeSolidServer/node-solid-server,MIT,2014-09-21 22:05:03,2024-04-25 16:16:21.000000,2024-04-22 17:06:42,3089.0,58.0,291.0,77.0,854.0,284.0,628.0,1769.0,2024-04-04 10:50:02,5.7.10,54.0,3.0,3.0,87.0,https://www.npmjs.com/package/solid-server,729.0,9462.0,1.0,,nodesolidserver/node-solid-server,https://hub.docker.com/r/nodesolidserver/node-solid-server,2024-04-04 10:48:39.575604,5.0,1004336.0,,,,,,,,,,,,
49,did-jwt,https://github.com/decentralized-identity/did-jwt,dids,Create and verify DID verifiable JWTs in Javascript.,,['dif'],29,True,decentralized-identity/did-jwt,did-jwt,https://github.com/decentralized-identity/did-jwt,Apache-2.0,2018-02-24 02:00:53,2024-04-25 15:39:06.000000,2024-03-25 23:02:49,622.0,8.0,64.0,40.0,216.0,5.0,85.0,320.0,2024-03-25 23:03:17,8.0.4,100.0,4754.0,4754.0,41.0,https://www.npmjs.com/package/did-jwt,181154.0,181154.0,1.0,,,,,,,,,,,,,,,,,,
50,whisper,https://github.com/openai/whisper,biometrics,Robust Speech Recognition via Large-Scale Weak Supervision.,,,28,True,openai/whisper,,https://github.com/openai/whisper,MIT,2022-09-16 20:02:54,2024-04-12 16:25:42.000000,2023-12-18 20:11:16,136.0,,6774.0,513.0,218.0,,,60307.0,2023-11-17 19:59:53,20231117,10.0,21.0,21.0,66.0,,,317047.0,3.0,,,,,,,openai-whisper,https://pypi.org/project/openai-whisper,317047.0,,,,,,,,,
51,deepfacelab,https://github.com/iperov/DeepFaceLab,biometrics,DeepFaceLab is the leading software for creating deepfakes.,,,28,True,iperov/DeepFaceLab,,https://github.com/iperov/DeepFaceLab,GPL-3.0,2018-06-04 13:10:00,2023-10-24 10:56:48.000000,2023-04-27 06:45:45,1313.0,,9406.0,1124.0,131.0,540.0,801.0,45372.0,2020-04-09 05:48:48,DF.wf.288res.384.92.72.22,2.0,21.0,21.0,22.0,,,3647.0,3.0,178711.0,,,,,,,,,,,,,,,,,
52,openface,https://github.com/cmusatyalab/openface,biometrics,Face recognition with deep neural networks.,,,28,True,cmusatyalab/openface,,https://github.com/cmusatyalab/openface,Apache-2.0,2015-09-16 12:47:27,2023-10-25 21:16:29.000000,2023-06-14 17:20:41,735.0,,3501.0,760.0,74.0,10.0,371.0,15070.0,2016-02-25 17:42:46,0.2.1,4.0,73.0,73.0,30.0,,,1568.0,3.0,,bamos/openface,https://hub.docker.com/r/bamos/openface,2018-06-18 18:11:58.528635,70.0,161558.0,,,,,,,,,,,,
53,zitadel,https://github.com/zitadel/zitadel,idp,"ZITADEL - Identity infrastructure, simplified foryou.",,,28,True,zitadel/zitadel,,https://github.com/zitadel/zitadel,Apache-2.0,2020-03-16 13:51:31,2024-04-25 13:08:05.000000,2024-04-25 06:45:34,3030.0,209.0,420.0,40.0,5177.0,510.0,1596.0,7052.0,2024-04-24 09:25:50,2.50.4,100.0,,,107.0,,,526.0,3.0,2104.0,ghcr.io/zitadel/zitadel,https://hub.docker.com/r/ghcr.io/zitadel/zitadel,,,,,,,,https://charts.zitadel.com,,,,,,,
54,boulder,https://github.com/letsencrypt/boulder,pki,"An ACME-based certificate authority, written in Go.",,['linux-foundation'],28,True,letsencrypt/boulder,,https://github.com/letsencrypt/boulder,MPL-2.0,2014-12-21 00:29:54,2024-04-25 17:37:41.000000,2024-04-25 17:37:40,6535.0,99.0,565.0,138.0,4485.0,197.0,2752.0,4992.0,2024-04-24 00:51:10,release-2024-04-23,100.0,,,133.0,,,20757.0,2.0,65674.0,letsencrypt/boulder-tools,https://hub.docker.com/r/letsencrypt/boulder-tools,2024-04-04 15:03:09.460634,13.0,1974669.0,,,,,,,,,,,,
55,oso,https://github.com/osohq/oso,authorization,Oso is a batteries-included framework for building authorization in your application.,,,28,True,osohq/oso,,https://github.com/osohq/oso,Apache-2.0,2020-05-04 20:05:50,2024-03-13 15:25:23.000000,2024-01-13 04:41:13,1213.0,,169.0,30.0,1526.0,108.0,101.0,3403.0,2024-01-13 04:08:30,0.27.3,100.0,83.0,83.0,67.0,,,31078.0,3.0,2719.0,,,,,,oso,https://pypi.org/project/oso,31007.0,,,,,,,,,
56,identity-server,https://github.com/DuendeSoftware/IdentityServer,authentication,The most flexible and standards-compliant OpenID Connect and OAuth 2.x framework for ASP.NET Core.,,,28,True,duendesoftware/identityserver,,https://github.com/DuendeSoftware/IdentityServer,https://duendesoftware.com/license,2020-10-01 08:46:31,2024-04-23 14:36:29.000000,2024-04-04 21:35:51,5285.0,22.0,298.0,40.0,781.0,56.0,265.0,1333.0,2024-04-04 20:54:05,7.0.4,57.0,1830.0,1830.0,297.0,,,,2.0,,,,,,,,,,,,,,,,,,
57,ethr-did-resolver,https://github.com/decentralized-identity/ethr-did-resolver,dids,DID resolver for Ethereum Addresses with support for key management.,,['dif'],28,True,decentralized-identity/ethr-did-resolver,ethr-did-resolver,https://github.com/decentralized-identity/ethr-did-resolver,Apache-2.0,2018-03-31 18:40:19,2024-04-22 20:01:54.000000,2024-04-08 00:43:04,476.0,14.0,65.0,29.0,146.0,5.0,47.0,194.0,2024-02-14 22:03:28,10.1.5,59.0,1512.0,1512.0,26.0,https://www.npmjs.com/package/ethr-did-resolver,16536.0,16536.0,1.0,,,,,,,,,,,,,,,,,,
58,authentik,https://github.com/goauthentik/authentik,idp,The authentication glue you need.,,,27,True,goauthentik/authentik,,https://github.com/goauthentik/authentik,https://github.com/goauthentik/authentik/blob/13591fc72cd2f07bdd1c17f66e4f4f0a6608d8eb/authentik/enterprise/LICENSE,2019-12-30 09:19:48,2024-04-25 18:01:32.000000,2024-04-25 15:28:05,14247.0,748.0,517.0,40.0,7183.0,468.0,1543.0,6752.0,2024-04-24 16:30:12,ersion/2024.4.0,100.0,,,242.0,,,101.0,3.0,3038.0,,,,,,,,,,https://charts.goauthentik.io,,,,,,,
59,node-oidc-provider,https://github.com/panva/node-oidc-provider,authentication,OpenID Certified OAuth 2.0 Authorization Server implementation for Node.js.,,,27,True,panva/node-oidc-provider,oidc-provider,https://github.com/panva/node-oidc-provider,MIT,2015-12-02 09:17:41,2024-04-23 11:36:38.000000,2024-04-23 11:34:24,2463.0,10.0,739.0,71.0,247.0,,,3019.0,2024-04-23 11:36:17,8.4.6,100.0,3.0,3.0,73.0,https://www.npmjs.com/package/oidc-provider,185878.0,185878.0,2.0,,,,,,,,,,,,,,,,,,
60,cerbos,https://github.com/cerbos/cerbos,authorization,"Cerbos is the open core, language-agnostic, scalable authorization solution that makes user permissions and..",,,27,True,cerbos/cerbos,,https://github.com/cerbos/cerbos,Apache-2.0,2021-03-21 13:23:10,2024-04-25 13:12:55.000000,2024-04-25 13:12:54,1624.0,118.0,117.0,29.0,1743.0,36.0,300.0,2512.0,2024-04-09 07:45:37,0.35.1,58.0,4.0,4.0,28.0,,,1654.0,3.0,61218.0,ghcr.io/cerbos/cerbos,https://hub.docker.com/r/ghcr.io/cerbos/cerbos,,,,,,,,oci://ghcr.io/cerbos/helm-charts/cerbos,,,,,,,
61,kanidm,https://github.com/kanidm/kanidm,idp,"Kanidm: A simple, secure and fast identity management platform.",,,27,True,kanidm/kanidm,,https://github.com/kanidm/kanidm,MPL-2.0,2019-02-02 01:41:26,2024-04-25 04:22:10.540736,2024-04-24 07:21:45,1881.0,117.0,139.0,19.0,1889.0,174.0,580.0,2122.0,2024-02-07 04:43:11,1.1.0-rc.16,18.0,42.0,42.0,74.0,,,4366.0,3.0,255.0,kanidm/server,https://hub.docker.com/r/kanidm/server,2024-04-25 04:22:10.540736,,270471.0,,,,,,,,,,,,
62,jansen,https://github.com/JanssenProject/jans,idp,An open source enterprise digital identity platform for CIAM or workforce... Janssen is a distribution of standards-..,,['linux-foundation'],27,True,janssenproject/jans,,https://github.com/JanssenProject/jans,Apache-2.0,2020-11-03 15:00:37,2024-04-25 17:00:59.000000,2024-04-25 10:15:51,33896.0,289.0,58.0,31.0,4830.0,366.0,3053.0,396.0,2024-04-16 14:20:28,1.1.1,100.0,,,112.0,,,440.0,3.0,2643.0,,,,,,,,,,,,,,,,,
63,did-jwt-vc,https://github.com/decentralized-identity/did-jwt-vc,ssi-sdks,Create and verify W3C Verifiable Credentials and Presentations in JWT format.,,['dif'],27,True,decentralized-identity/did-jwt-vc,did-jwt-vc,https://github.com/decentralized-identity/did-jwt-vc,Apache-2.0,2019-07-22 20:20:06,2024-04-25 10:10:41.000000,2024-03-26 04:30:10,367.0,8.0,40.0,23.0,97.0,2.0,48.0,170.0,2024-03-26 04:30:27,4.0.4,58.0,934.0,934.0,22.0,https://www.npmjs.com/package/did-jwt-vc,14508.0,14508.0,1.0,,,,,,,,,,,,,,,,,,
64,opal,https://github.com/permitio/opal,authorization,"Policy and data administration, distribution, and real-time updates on top of Policy Agents (OPA, Cedar, ...).",,,25,True,permitio/opal,,https://github.com/permitio/opal,Apache-2.0,2021-02-14 11:37:31,2024-04-22 10:59:02.000000,2024-04-21 09:18:37,1785.0,94.0,132.0,21.0,384.0,37.0,82.0,2285.0,2024-03-13 17:49:20,0.7.5,33.0,1.0,1.0,54.0,,,4440.0,3.0,621.0,permitio/opal-server,https://hub.docker.com/r/permitio/opal-server,2024-03-14 13:47:41.244848,1.0,168086.0,,,,,,,,,,,,
65,lemur,https://github.com/Netflix/lemur,pki,Repository for the Lemur Certificate Manager.,,,25,True,netflix/lemur,,https://github.com/Netflix/lemur,Apache-2.0,2015-06-16 16:36:07,2024-04-22 18:20:12.000000,2024-04-22 18:20:04,6169.0,120.0,314.0,417.0,4224.0,120.0,417.0,1694.0,2024-01-17 19:18:46,1.7.0,28.0,,,151.0,,,0.0,2.0,51.0,,,,,,,,,,,,,,,,,
66,athenz,https://github.com/AthenZ/athenz,pki,Open source platform for X.509 certificate based service authentication and fine grained access control in dynamic..,,['linux-foundation'],25,True,athenz/athenz,,https://github.com/AthenZ/athenz,Apache-2.0,2016-11-16 18:23:08,2024-04-25 03:05:47.000000,2024-04-25 03:05:47,3059.0,102.0,267.0,52.0,2316.0,36.0,222.0,858.0,2024-04-25 03:03:50,1.11.57,100.0,31.0,31.0,86.0,,,,2.0,,,,,,,,,,,,,,,,,,
67,veramo,https://github.com/decentralized-identity/veramo,ssi-sdks,A JavaScript Framework for Verifiable Data.,,,25,True,decentralized-identity/veramo,,https://github.com/decentralized-identity/veramo,Apache-2.0,2019-11-12 14:18:17,2024-04-25 17:14:08.000000,2024-03-28 15:46:16,1857.0,17.0,121.0,24.0,777.0,69.0,373.0,399.0,2024-04-02 18:54:31,6.0.0,44.0,624.0,624.0,55.0,,,,1.0,,,,,,,,,,,,,,,,,,
68,aries-python,https://github.com/hyperledger/aries-cloudagent-python,ssi-sdks,Hyperledger Aries Cloud Agent Python (ACA-Py) is a foundation for building decentralized identity applications and..,,['hyperledger'],25,True,hyperledger/aries-cloudagent-python,,https://github.com/hyperledger/aries-cloudagent-python,Apache-2.0,2019-06-24 18:12:14,2024-04-25 16:14:02.000000,2024-04-25 16:13:25,9198.0,491.0,449.0,29.0,1715.0,216.0,981.0,392.0,2024-04-11 19:16:17,0.12.0,78.0,,,136.0,,,,1.0,,,,,,,,,,,,,,,,,,
69,hanko,https://github.com/teamhanko/hanko,idp,Auth and User Management for the passkey era. An open source alternative to Auth0 and Clerk.,,,24,False,teamhanko/hanko,,https://github.com/teamhanko/hanko,,2022-03-14 17:03:46,2024-04-24 16:43:25.000000,2024-04-22 17:51:30,2049.0,90.0,790.0,29.0,1239.0,37.0,133.0,5409.0,2024-04-10 14:43:20,backend/v0.10.2,21.0,231.0,231.0,44.0,,,4.0,3.0,100.0,,,,,,,,,,,,,,,,,
70,universal-resolver,https://github.com/decentralized-identity/universal-resolver,dids,Universal Resolver implementation and drivers.,,,24,True,decentralized-identity/universal-resolver,,https://github.com/decentralized-identity/universal-resolver,Apache-2.0,2017-08-01 18:25:42,2024-04-25 12:27:05.000000,2024-04-24 19:22:40,1746.0,56.0,222.0,58.0,302.0,30.0,85.0,519.0,2022-01-07 16:42:38,0.5.0,6.0,,,107.0,,,1541.0,2.0,,universalresolver/uni-resolver-web,https://hub.docker.com/r/universalresolver/uni-resolver-web,2024-04-24 19:24:07.538672,,123299.0,,,,,,,,,,,,
71,iota-identity,https://github.com/iotaledger/identity.rs,ssi-sdks,Implementation of the Decentralized Identity standards such as DID and Verifiable Credentials by W3C for the IOTA..,,,24,True,iotaledger/identity.rs,,https://github.com/iotaledger/identity.rs,Apache-2.0,2020-02-06 14:33:11,2024-04-25 14:35:49.000000,2024-04-02 08:32:48,1456.0,25.0,77.0,24.0,1034.0,54.0,241.0,285.0,2024-03-27 14:33:19,1.2.0,28.0,115.0,115.0,38.0,,,,2.0,,,,,,,,,,,,,,,,,,
72,supertokens,https://github.com/supertokens/supertokens-core,idp,Open source alternative to Auth0 / Firebase Auth / AWS Cognito.,,,23,True,supertokens/supertokens-core,,https://github.com/supertokens/supertokens-core,https://github.com/supertokens/supertokens-core/blob/4a134fff6e96c46546fd11d66592d75c9fcef614/ee/LICENSE.md,2020-01-05 13:30:52,2024-04-25 10:21:48.000000,2024-04-19 12:03:21,997.0,66.0,453.0,58.0,497.0,114.0,358.0,11900.0,2024-04-22 08:05:51,9.0.2,70.0,,,26.0,,,,3.0,,registry.supertokens.io/supertokens/supertokens-postgresql,https://hub.docker.com/r/registry.supertokens.io/supertokens/supertokens-postgresql,,,,,,,,,,,,,,,
73,openbr,https://github.com/biometrics/openbr,biometrics,"Open Source Biometrics, Face Recognition.",,,23,False,biometrics/openbr,,https://github.com/biometrics/openbr,,2012-12-20 02:52:37,2024-04-24 20:50:56.000000,2024-04-24 20:50:56,4045.0,10.0,759.0,255.0,336.0,62.0,210.0,2836.0,2015-09-29 22:50:55,1.1.0,4.0,,,58.0,,,880.0,3.0,110075.0,,,,,,,,,1.0,,,,,,,,
74,permify,https://github.com/Permify/permify,authorization,Permify is an open-source authorization service inspired by Google Zanzibar.,,,23,True,permify/permify,,https://github.com/Permify/permify,Apache-2.0,2022-07-14 11:16:57,2024-04-25 09:13:01.000000,2024-04-25 09:12:58,2813.0,308.0,118.0,18.0,1029.0,29.0,139.0,2456.0,2024-03-30 21:57:30,0.8.0,64.0,1.0,1.0,44.0,,,84.0,3.0,1698.0,ghcr.io/permify/permify,https://hub.docker.com/r/ghcr.io/permify/permify,,,,,,,,,,,,,,,
75,maxkey,https://github.com/dromara/MaxKey,idp,"MaxKey SSO ,Leading-Edge IAM-IDaas(Identity and Access Management) ProductIAM-IDaas,OAuth2.xOpenID..",,,23,True,dromara/MaxKey,,https://github.com/dromara/MaxKey,Apache-2.0,2016-11-16 03:06:50,2024-04-20 03:50:10.000000,2024-04-20 03:48:15,2256.0,22.0,284.0,28.0,106.0,20.0,93.0,1256.0,2024-03-27 23:41:43,4.0.3,58.0,,,40.0,,,111.0,3.0,,maxkeytop/maxkey,https://hub.docker.com/r/maxkeytop/maxkey,2023-10-11 12:25:07.733007,5.0,9938.0,,,,,,,,,,,,
76,freeipa,https://github.com/freeipa/freeipa,idp,"Mirror of FreeIPA, an integrated security information management solution.",,,23,True,freeipa/freeipa,,https://github.com/freeipa/freeipa,GPL-3.0,2012-05-15 20:34:40,2024-04-25 17:56:36.000000,2024-04-15 14:06:23,15868.0,102.0,313.0,52.0,7334.0,,,1083.0,,,,,,223.0,,,40067.0,3.0,,freeipa/freeipa-server,https://hub.docker.com/r/freeipa/freeipa-server,2024-04-24 05:14:25.165824,163.0,5729667.0,,,,,,,,,,,,
77,fido2-net-lib,https://github.com/passwordless-lib/fido2-net-lib,authentication,FIDO2 .NET library for FIDO2 / WebAuthn Attestation and Assertion using .NET.,,,23,True,passwordless-lib/fido2-net-lib,,https://github.com/passwordless-lib/fido2-net-lib,MIT,2018-05-31 07:51:51,2024-03-13 00:54:18.000000,2024-02-28 17:52:12,620.0,5.0,155.0,36.0,266.0,65.0,180.0,1066.0,2022-09-28 20:32:17,3.0.1,15.0,242.0,242.0,44.0,,,,3.0,,,,,,,,,,,,,,,,,,
78,keystone,https://github.com/openstack/keystone,idp,OpenStack Identity (Keystone). Mirror of code maintained at opendev.org.,,['openstack'],23,True,openstack/keystone,,https://github.com/openstack/keystone,Apache-2.0,2013-05-30 14:48:39,2024-04-15 20:43:52.000000,2024-04-15 16:19:26,14959.0,45.0,658.0,112.0,18.0,,,681.0,,,,129.0,129.0,733.0,,,,3.0,,,,,,,,,,,,,,,,,,
79,dogtagpki,https://github.com/dogtagpki/pki,pki,The Dogtag Certificate System is an enterprise-class Certificate Authority (CA) which supports all aspects of..,,,23,True,dogtagpki/pki,,https://github.com/dogtagpki/pki,GPL-2.0,2017-02-16 19:36:36,2024-04-25 04:36:49.000000,2024-04-25 02:48:14,13438.0,216.0,128.0,12.0,1815.0,944.0,1966.0,319.0,2023-06-16 12:51:58,11.4.3,55.0,,,86.0,,,100.0,3.0,7729.0,,,,,,,,,1.0,,,,,,,,
80,dwn-sdk-js,https://github.com/TBD54566975/dwn-sdk-js,ssi-agents,Decentralized Web Node (DWN) Reference implementation.,,['web5'],23,True,TBD54566975/dwn-sdk-js,tbd54566975/dwn-sdk-js,https://github.com/TBD54566975/dwn-sdk-js,Apache-2.0,2022-03-11 17:33:48,2024-04-25 18:04:05.000000,2024-04-25 17:43:25,481.0,41.0,95.0,18.0,470.0,67.0,188.0,319.0,2024-04-25 18:04:05,0.3.0,42.0,371.0,371.0,43.0,https://www.npmjs.com/package/tbd54566975/dwn-sdk-js,,,2.0,,,,,,,,,,,,,,,,,,
81,credo-ts,https://github.com/openwallet-foundation/credo-ts,ssi-sdks,Typescript framework for building decentralized identity and verifiable credential solutions.,,['openwallet-foundation'],23,True,openwallet-foundation/credo-ts,,https://github.com/openwallet-foundation/credo-ts,Apache-2.0,2019-11-20 17:23:33,2024-04-25 15:52:44.000000,2024-04-25 14:56:39,954.0,94.0,162.0,28.0,1138.0,130.0,541.0,237.0,2024-03-28 14:30:46,0.5.1,79.0,3.0,3.0,61.0,,,,2.0,,,,,,,,,,,,,,,,,,
82,hyperledger-anoncreds-rs,https://github.com/hyperledger/anoncreds-rs,ssi-sdks,anoncreds-rs.,,['hyperledger'],23,False,hyperledger/anoncreds-rs,,https://github.com/hyperledger/anoncreds-rs,Apache-2.0,2022-10-20 16:09:54,2024-04-08 23:28:32.000000,2024-04-08 23:28:32,791.0,25.0,39.0,15.0,224.0,24.0,84.0,68.0,2024-02-13 10:21:42,0.2.0,30.0,81.0,81.0,22.0,,,6701.0,2.0,100518.0,,,,,,,,,,,,,,,,,
83,deepfacelive,https://github.com/iperov/DeepFaceLive,biometrics,Real-time face swap for PC streaming or video calls.,,,22,True,iperov/DeepFaceLive,,https://github.com/iperov/DeepFaceLive,GPL-3.0,2020-12-15 12:19:22,2023-07-28 10:14:16.000000,2023-07-28 10:14:10,326.0,,3506.0,313.0,25.0,1.0,143.0,22085.0,2023-01-21 09:26:53,TINA_SHIFT,35.0,,,11.0,,,25411.0,3.0,863997.0,,,,,,,,,,,,,,,,,
84,howdy,https://github.com/boltgolt/howdy,authentication,Windows Hello style facial authentication for Linux.,,,22,True,boltgolt/howdy,,https://github.com/boltgolt/howdy,MIT,2018-01-05 00:54:21,2024-04-10 17:51:33.000000,2024-01-17 13:25:40,562.0,,283.0,63.0,149.0,186.0,568.0,5393.0,2020-09-02 15:57:23,2.6.1,11.0,,,61.0,,,220.0,3.0,16282.0,,,,,,,,,,,,,,,howdy,,
85,appauth-ios,https://github.com/openid/AppAuth-iOS,authentication,iOS and macOS SDK for communicating with OAuth 2.0 and OpenID Connect providers.,,['openid'],22,True,openid/appauth-ios,,https://github.com/openid/AppAuth-iOS,Apache-2.0,2016-02-11 14:38:23,2024-04-22 23:07:41.000000,2024-04-22 22:53:53,407.0,13.0,687.0,95.0,327.0,160.0,342.0,1685.0,2024-04-22 23:07:41,1.7.5,31.0,,,50.0,,,,3.0,,,,,,,,,,,,,,,,,,
86,conjur,https://github.com/cyberark/conjur,machine,CyberArk Conjur automatically secures secrets used by privileged users and machine identities.,,,22,True,cyberark/conjur,,https://github.com/cyberark/conjur,LGPL,2016-06-28 21:18:07,2023-11-20 08:18:32.000000,2023-10-13 18:18:58,3449.0,,122.0,48.0,1887.0,207.0,901.0,755.0,2023-08-04 21:07:07,1.20.0,73.0,,,96.0,,,75173.0,3.0,401.0,cyberark/conjur,https://hub.docker.com/r/cyberark/conjur,2023-10-27 18:55:35.655413,30.0,7065847.0,,,,,,,,,,,,
87,webauthn-json,https://github.com/github/webauthn-json,authentication,A small WebAuthn API wrapper that translates to/from pure JSON using base64url.,,,22,True,github/webauthn-json,github/webauthn-json,https://github.com/github/webauthn-json,MIT,2019-07-01 18:52:54,2024-02-22 04:38:48.000000,2023-07-17 21:06:20,282.0,,52.0,252.0,29.0,7.0,39.0,721.0,2023-01-31 02:32:05,2.1.1,52.0,1258.0,1258.0,12.0,https://www.npmjs.com/package/github/webauthn-json,,,3.0,,,,,,,,,,,,,,,,,,
88,did-resolver,https://github.com/decentralized-identity/did-resolver,dids,Universal did-resolver for javascript environments.,,['dif'],22,True,decentralized-identity/did-resolver,,https://github.com/decentralized-identity/did-resolver,Apache-2.0,2018-02-20 16:33:55,2024-04-22 20:12:49.000000,2024-03-25 01:03:55,393.0,6.0,41.0,23.0,129.0,3.0,18.0,204.0,2023-03-08 14:05:37,4.1.0,24.0,5930.0,5930.0,24.0,,,,2.0,,,,,,,,,,,,,,,,,,
89,opensk,https://github.com/google/OpenSK,authentication,OpenSK is an open-source implementation for security keys written in Rust that supports both FIDO U2F and FIDO2..,,['cncf'],21,True,google/OpenSK,,https://github.com/google/OpenSK,Apache-2.0,2019-12-17 18:55:43,2024-04-08 16:06:16.000000,2024-04-05 16:23:30,1280.0,1.0,272.0,91.0,491.0,26.0,161.0,2896.0,2021-06-23 10:02:43,ctap2.0,1.0,78.0,78.0,24.0,,,,3.0,,,,,,,,,,,,,,,,,,
90,indy-node,https://github.com/hyperledger/indy-node,ssi-sdks,The server portion of a distributed ledger purpose-built for decentralized identity.,,['hyperledger'],21,True,hyperledger/indy-node,,https://github.com/hyperledger/indy-node,Apache-2.0,2016-12-21 05:45:04,2024-04-16 16:24:34.000000,2024-03-14 17:02:52,4919.0,25.0,640.0,69.0,1760.0,36.0,56.0,672.0,2024-02-09 14:17:29,1.13.2,37.0,,,102.0,,,10.0,2.0,603.0,,,,,,,,,,,,,,,,,
91,web-did-resolver,https://github.com/decentralized-identity/web-did-resolver,dids,DID resolver for HTTPS domains.,,['dif'],21,False,decentralized-identity/web-did-resolver,web-did-resolver,https://github.com/decentralized-identity/web-did-resolver,Apache-2.0,2018-09-20 21:44:09,2024-04-25 17:32:43.000000,2024-03-25 02:20:25,293.0,8.0,15.0,14.0,118.0,2.0,10.0,83.0,2023-07-03 18:25:08,2.0.27,38.0,951.0,951.0,12.0,https://www.npmjs.com/package/web-did-resolver,25444.0,25444.0,2.0,,,,,,,,,,,,,,,,,,
92,solid-client-authn-js,https://github.com/inrupt/solid-client-authn-js,authentication,A client library for authenticating with Solid.,,['solid'],21,False,inrupt/solid-client-authn-js,inrupt/solid-client-authn-node,https://github.com/inrupt/solid-client-authn-js,,2019-11-21 00:49:46,2024-04-23 13:57:19.000000,2024-04-23 13:57:18,2582.0,111.0,32.0,16.0,3325.0,51.0,96.0,65.0,2024-03-14 10:54:35,2.1.0,23.0,829.0,829.0,22.0,https://www.npmjs.com/package/inrupt/solid-client-authn-node,,,3.0,,,,,,,,,,,,,,,,,,
93,facenet,https://github.com/davidsandberg/facenet,biometrics,Face recognition using Tensorflow.,,,20,False,davidsandberg/facenet,,https://github.com/davidsandberg/facenet,MIT,2016-02-12 22:14:40,2023-07-24 12:43:21.000000,2018-04-16 17:32:11,566.0,,4667.0,568.0,122.0,502.0,620.0,13503.0,,,,,,36.0,,,,3.0,,,,,,,,,,,,,,,,,,
94,gotrue,https://github.com/netlify/gotrue,idp,An SWT based API for managing users and issuing SWT tokens.,,,20,True,netlify/gotrue,,https://github.com/netlify/gotrue,MIT,2016-05-16 23:14:24,2023-12-18 22:01:36.000000,2023-08-31 21:53:17,639.0,,272.0,66.0,222.0,6.0,126.0,3710.0,2022-02-09 12:50:28,1.0.1,2.0,11.0,11.0,39.0,,,,3.0,,,,,,,,,,,,,,,,,,
95,webauthn,https://github.com/w3c/webauthn,specs,Web Authentication: An API for accessing Public Key Credentials.,,['w3c'],20,True,w3c/webauthn,,https://github.com/w3c/webauthn,W3C,2016-02-08 14:51:38,2024-04-24 18:26:44.000000,2024-04-03 19:52:19,2285.0,32.0,152.0,179.0,865.0,76.0,1060.0,1091.0,2018-03-20 13:11:25,CR-00-20180320,7.0,,,75.0,,,,1.0,,,,,,,,,,,,,,,,,,
96,sidetree,https://github.com/decentralized-identity/sidetree,specs,Sidetree Specification and Reference Implementation.,,['dif'],20,True,decentralized-identity/sidetree,,https://github.com/decentralized-identity/sidetree,Apache-2.0,2018-09-04 17:20:14,2023-12-18 20:07:43.000000,2023-04-04 19:14:54,1149.0,,103.0,40.0,682.0,37.0,441.0,435.0,2021-03-09 22:06:35,1.0.2,12.0,34.0,34.0,47.0,,,,1.0,,,,,,,,,,,,,,,,,,
97,webauthn4j,https://github.com/webauthn4j/webauthn4j,authentication,A portable Java library for WebAuthn and Apple App Attest server side verification.,,,20,True,webauthn4j/webauthn4j,,https://github.com/webauthn4j/webauthn4j,Apache-2.0,2018-05-20 12:14:36,2024-04-22 14:42:21.000000,2024-04-22 13:20:35,2274.0,51.0,68.0,21.0,747.0,4.0,98.0,380.0,2024-04-01 13:34:38,0.23.0.RELEASE,55.0,,,27.0,,,,3.0,,,,,,,,,,,,com.webauthn4j:webauthn4j-core,https://search.maven.org/artifact/com.webauthn4j/webauthn4j-core,,,,,
98,aries-rfcs,https://github.com/hyperledger/aries-rfcs,specs,"Hyperledger Aries is infrastructure for blockchain-rooted, peer-to-peer interactions.",,['hyperledger'],20,True,hyperledger/aries-rfcs,,https://github.com/hyperledger/aries-rfcs,Apache-2.0,2019-05-08 16:49:20,2024-04-22 16:05:31.000000,2024-03-27 23:47:58,2273.0,75.0,211.0,51.0,597.0,55.0,175.0,317.0,,,,,,85.0,,,,1.0,,,,,,,,,,,,,,,,,,
99,aries-framework-go,https://github.com/hyperledger-archives/aries-framework-go,ssi-sdks,Hyperledger Aries Framework Go provides packages for building Agent / DIDComm services.,,['hyperledger'],20,True,hyperledger/aries-framework-go,,https://github.com/hyperledger-archives/aries-framework-go,Apache-2.0,2019-07-09 20:45:08,2024-03-27 16:44:00.000000,2024-03-27 16:36:25,3197.0,1.0,157.0,20.0,2046.0,388.0,1196.0,241.0,2023-05-09 10:57:15,0.3.2,14.0,3.0,3.0,62.0,,,,2.0,,,,,,,,,,,,,,,,,hyperledger-archives/aries-framework-go,
100,satosa,https://github.com/IdentityPython/SATOSA,authentication,"Proxy translating between different authentication protocols (SAML2, OpenID Connect and OAuth2).",,,20,True,IdentityPython/satosa,,https://github.com/IdentityPython/SATOSA,Apache-2.0,2015-09-02 07:08:03,2024-04-25 12:03:05.000000,2024-01-23 08:35:12,1730.0,,107.0,28.0,350.0,40.0,73.0,186.0,2023-06-11 17:23:23,8.4.0,49.0,32.0,32.0,52.0,,,,3.0,,,,,,,,,,,,,,,,,,
101,web5-js,https://github.com/TBD54566975/web5-js,ssi-sdks,Monorepo for the Web5 JS TypeScript implementation.,,['web5'],20,True,TBD54566975/web5-js,web5/api,https://github.com/TBD54566975/web5-js,Apache-2.0,2023-03-06 19:11:53,2024-04-25 17:16:38.000000,2024-04-25 17:14:56,501.0,73.0,42.0,7.0,313.0,52.0,131.0,114.0,2024-04-25 17:16:39,@web5/dids@1.0.1,31.0,66.0,66.0,28.0,https://www.npmjs.com/package/web5/api,,,2.0,,,,,,,,,,,,,,,,,,
102,waltid-identity,https://github.com/walt-id/waltid-identity,ssi-sdks,All-in-one open-source identity and wallet toolkit.,,,20,False,walt-id/waltid-identity,,https://github.com/walt-id/waltid-identity,Apache-2.0,2023-10-05 20:33:14,2024-04-25 16:31:14.000000,2024-04-25 15:47:18,1728.0,1301.0,26.0,7.0,313.0,8.0,40.0,84.0,2024-03-14 09:49:49,0.2.0,100.0,,,18.0,,,,2.0,,waltid/identity,https://hub.docker.com/r/waltid/identity,,,,,,,,,,,,,,,
103,polygon-js-sdk,https://github.com/0xPolygonID/js-sdk,ssi-sdks,SDK to work with Polygon ID.,,,20,False,0xPolygonID/js-sdk,,https://github.com/0xPolygonID/js-sdk,Apache-2.0,2022-11-08 12:11:09,2024-04-24 11:18:36.000000,2024-04-23 12:24:19,449.0,48.0,24.0,4.0,186.0,7.0,30.0,49.0,2024-04-23 12:24:49,1.11.1,54.0,157.0,157.0,18.0,,,,2.0,,,,,,,,,,2.0,,,,,,,,
104,trinsic-sdk,https://github.com/trinsic-id/sdk,ssi-sdks,Trinsic SDK repository.,,,20,False,trinsic-id/sdk,,https://github.com/trinsic-id/sdk,Apache-2.0,2021-04-26 20:47:34,2024-04-19 12:18:03.000000,2024-04-05 13:57:06,1115.0,17.0,16.0,12.0,1288.0,1.0,321.0,28.0,2024-03-27 21:54:10,1.14.0,17.0,,,27.0,,,376.0,2.0,11305.0,,,,,,,,,,,,,,,,,
105,appauth-android,https://github.com/openid/AppAuth-Android,authentication,Android client SDK for communicating with OAuth 2.0 and OpenID Connect providers.,,['openid'],19,True,openid/appauth-android,,https://github.com/openid/AppAuth-Android,Apache-2.0,2016-02-19 15:09:43,2024-04-22 08:32:13.000000,2023-07-12 07:05:13,339.0,,818.0,241.0,245.0,191.0,529.0,2731.0,,,,,,47.0,,,,3.0,,,,,,,,,,,,net.openid:appauth,https://search.maven.org/artifact/net.openid/appauth,,,,,
106,ja3,https://github.com/salesforce/ja3,pki,JA3 is a standard for creating SSL client fingerprints in an easy to produce and shareable way.,,,19,True,salesforce/ja3,,https://github.com/salesforce/ja3,BSD-3-Clause,2017-06-13 22:54:10,2023-10-20 20:55:26.000000,2023-10-20 20:55:26,151.0,,278.0,99.0,42.0,28.0,24.0,2528.0,,,,,,26.0,,,1883.0,3.0,,,,,,,pyja3,https://pypi.org/project/pyja3,1883.0,,,,,,,,,
107,ladon,https://github.com/ory/ladon,authorization,A SDK for access control policies: authorization for the microservice and IoT age. Inspired by AWS IAM policies...,,['ory'],19,True,ory/ladon,,https://github.com/ory/ladon,Apache-2.0,2015-10-16 15:21:28,2024-04-09 09:14:25.000000,2024-03-05 10:04:59,150.0,1.0,222.0,63.0,106.0,3.0,56.0,2345.0,2024-03-06 13:35:30,1.3.0,41.0,,,51.0,,,,3.0,,,,,,,,,,,,,,,,,,
108,passwordlessid-webauthn,https://github.com/passwordless-id/webauthn,authentication,"Webauthn / passkeys helper library to make your life easier. Client side, server side and demo included.",,,19,True,passwordless-id/webauthn,passwordless-id/webauthn,https://github.com/passwordless-id/webauthn,MIT,2022-08-11 07:41:33,2024-04-18 15:55:02.000000,2024-04-18 15:54:12,116.0,14.0,37.0,8.0,18.0,3.0,27.0,338.0,2024-04-18 15:55:02,1.6.1,26.0,172.0,172.0,10.0,https://www.npmjs.com/package/passwordless-id/webauthn,,,3.0,,,,,,,,,,,,,,,,,,
109,laragear-webauthn,https://github.com/Laragear/WebAuthn,authentication,"Authenticate users with Passkeys: fingerprints, patterns and biometric data.",,,19,True,laragear/webauthn,,https://github.com/Laragear/WebAuthn,MIT,2022-06-14 09:13:53,2024-04-24 23:03:57.000000,2024-03-18 22:38:29,95.0,17.0,32.0,3.0,45.0,1.0,33.0,247.0,2024-03-18 22:40:07,2.0.3,16.0,44.0,44.0,8.0,,,,3.0,,,,,,,,,,,,,,,,,,
110,keripy,https://github.com/WebOfTrust/keripy,ssi-sdks,Key Event Receipt Infrastructure - the spec and implementation of the KERI protocol.,,,19,False,weboftrust/keripy,,https://github.com/WebOfTrust/keripy,Apache-2.0,2021-06-09 16:01:34,2024-04-25 16:39:27.000000,2024-04-22 17:36:04,2558.0,230.0,43.0,11.0,512.0,142.0,101.0,50.0,,,1.0,35.0,35.0,25.0,,,,3.0,,,,,,,,,,,,,,,,,,
111,spiffe,https://github.com/spiffe/spiffe,machine,The SPIFFE Project.,,"['cncf', 'linux-foundation']",18,True,spiffe/spiffe,,https://github.com/spiffe/spiffe,Apache-2.0,2017-08-07 20:45:21,2024-04-03 08:30:35.000000,2024-04-03 08:30:35,549.0,12.0,150.0,82.0,218.0,19.0,42.0,1395.0,,,,,,60.0,,,,3.0,,,,,,,,,,,,,,,,,,
112,ion,https://github.com/decentralized-identity/ion,dids,The Identity Overlay Network (ION) is a DID Method implementation using the Sidetree protocol atop Bitcoin.,,,18,True,decentralized-identity/ion,,https://github.com/decentralized-identity/ion,Apache-2.0,2019-01-25 00:34:40,2023-08-25 15:24:32.000000,2023-08-25 15:23:54,215.0,,160.0,88.0,184.0,71.0,69.0,1227.0,2022-06-09 01:42:53,1.0.4,17.0,,,32.0,,,,2.0,,,,,,,,,,,,,,,,,,
113,warrant,https://github.com/warrant-dev/warrant,authorization,"Warrant is a highly scalable, centralized authorization service based on Google Zanzibar, used for defining, querying,..",,,18,True,warrant-dev/warrant,,https://github.com/warrant-dev/warrant,Apache-2.0,2023-02-14 23:22:46,2024-04-22 19:24:34.000000,2024-04-20 15:22:35,267.0,24.0,27.0,4.0,277.0,15.0,21.0,979.0,2024-04-02 16:13:22,1.13.1,100.0,1.0,1.0,5.0,,,116.0,3.0,864.0,warrantdev/warrant,https://hub.docker.com/r/warrantdev/warrant,2024-04-02 16:13:21.845412,,626.0,,,,,,,,,,,,
114,webauthn-ruby,https://github.com/cedarcode/webauthn-ruby,authentication,WebAuthn ruby server library Make your Ruby/Rails web server become a conformant WebAuthn Relying Party.,,,18,True,cedarcode/webauthn-ruby,,https://github.com/cedarcode/webauthn-ruby,MIT,2018-05-09 21:49:17,2024-03-08 14:09:59.000000,2024-03-08 11:45:52,907.0,5.0,53.0,11.0,302.0,8.0,104.0,621.0,,,,779.0,779.0,30.0,,,,3.0,,,,,,,,,,,,,,,,,,
115,solid-specification,https://github.com/solid/specification,specs,Solid Technical Reports.,,['solid'],18,True,solid/specification,,https://github.com/solid/specification,MIT,2019-05-14 21:20:03,2024-04-23 06:12:29.000000,2024-04-19 10:21:47,1055.0,59.0,40.0,52.0,234.0,177.0,151.0,462.0,2021-12-21 13:00:06,protocol-v0.9.0,1.0,,,24.0,,,,2.0,,,,,,,,,,,,,,,,,,
116,vc-data-model,https://github.com/w3c/vc-data-model,specs,W3C Verifiable Credentials Working Group VC Data Model and Representations specification.,,['w3c'],18,True,w3c/vc-data-model,,https://github.com/w3c/vc-data-model,W3C,2016-11-15 20:14:42,2024-04-24 23:51:58.000000,2024-04-16 14:48:09,1965.0,96.0,85.0,79.0,775.0,12.0,671.0,275.0,,,,,,68.0,,,,2.0,,,,,,,,,,,,,,,,,,
117,tbd-ssi-sdk,https://github.com/TBD54566975/ssi-sdk,ssi-sdks,self sovereign identity sdk.,,['web5'],18,True,tbd54566975/ssi-sdk,,https://github.com/TBD54566975/ssi-sdk,Apache-2.0,2022-02-02 20:20:10,2024-04-19 16:48:27.000000,2024-04-19 16:48:26,342.0,16.0,55.0,12.0,365.0,48.0,108.0,202.0,,,4.0,44.0,44.0,18.0,,,,3.0,,,,,,,,,,,,,,,,,,
118,spruceid-ssi,https://github.com/spruceid/ssi,ssi-sdks,Core library for decentralized identity.,,,18,True,spruceid/ssi,,https://github.com/spruceid/ssi,Apache-2.0,2020-08-04 14:40:34,2024-04-25 00:19:43.000000,2023-11-01 15:51:52,531.0,,53.0,30.0,360.0,74.0,103.0,175.0,,,,123.0,123.0,23.0,,,,3.0,,,,,,,,,,,,,,,,,,
119,waltid-ssikit,https://github.com/walt-id/waltid-ssikit,ssi-sdks,All-In-One SSI infrastructure toolkit.,,,18,True,walt-id/waltid-ssikit,,https://github.com/walt-id/waltid-ssikit,Apache-2.0,2021-08-04 08:19:14,2024-02-21 17:00:50.000000,2024-02-21 17:00:30,1533.0,2.0,33.0,7.0,196.0,,166.0,100.0,2023-12-13 10:55:46,1.2312131048.0,98.0,,,16.0,,,447.0,3.0,66.0,waltid/ssikit,https://hub.docker.com/r/waltid/ssikit,2023-12-13 10:55:45.426370,,14268.0,,,,,,,,,,,,
120,polygon-issuer,https://github.com/0xPolygonID/issuer-node,ssi-agents,Polygon ID Self-Hosted Issuer Node.,,,18,False,0xPolygonID/issuer-node,,https://github.com/0xPolygonID/issuer-node,Apache-2.0,2022-12-20 15:29:39,2024-04-22 14:27:10.000000,2024-04-12 14:32:09,1539.0,71.0,63.0,10.0,534.0,3.0,116.0,76.0,2024-04-12 14:48:51,2.5.0,16.0,,,18.0,,,,2.0,,,,,,,,,,,,,,,,,,
121,sphereon-ssi,https://github.com/Sphereon-Opensource/SSI-SDK,ssi-sdks,Self Sovereign Identity SDK.,,,18,False,sphereon-opensource/ssi-sdk,,https://github.com/Sphereon-Opensource/SSI-SDK,Apache-2.0,2021-11-22 08:30:41,2024-04-25 17:33:50.000000,2024-04-25 17:33:47,1772.0,252.0,12.0,11.0,170.0,8.0,9.0,54.0,2024-04-25 01:04:36,0.23.1,37.0,3.0,3.0,17.0,,,,3.0,,,,,,,,,,,,,,,,,,
122,solid-project,https://github.com/solid/solid,specs,Solid - Re-decentralizing the web (project directory).,,['solid'],17,False,solid/solid,,https://github.com/solid/solid,MIT,2015-11-24 05:45:27,2022-08-24 14:54:37.000000,2022-05-27 15:42:07,132.0,,372.0,559.0,56.0,125.0,88.0,8171.0,,,,,,22.0,,,,2.0,,,,,,,,,,,,,,,,,,
123,barbican,https://github.com/openstack/barbican,pki,"Barbican is a ReST API designed for the secure storage, provisioning and management of secrets, including in OpenStack..",,['openstack'],17,True,openstack/barbican,,https://github.com/openstack/barbican,Apache-2.0,2014-05-23 22:15:27,2024-04-23 15:44:11.000000,2024-04-23 15:43:36,3633.0,15.0,69.0,27.0,5.0,,,230.0,,,,,,298.0,,,,3.0,,,,,,,,,,,,,,,,,,
124,digitalbazaar-vc,https://github.com/digitalbazaar/vc,ssi-sdks,W3C Verifiable Credentials implementation in JavaScript.,,,17,True,digitalbazaar/vc,,https://github.com/digitalbazaar/vc,BSD-3-Clause,2017-10-24 20:45:37,2024-04-25 15:22:01.000000,2024-01-16 16:58:30,388.0,,47.0,16.0,89.0,24.0,63.0,171.0,,,,310.0,310.0,14.0,,,,3.0,,,,,,,,,,,,,,,,,,
125,sphereon-siop-oid4vp,https://github.com/Sphereon-Opensource/SIOP-OID4VP,ssi-sdks,Self Issued OpenID Provider v2 (SIOP) with optional OpenID for Verifiable Presentations (OpenID4VP).,,,17,False,sphereon-opensource/siop-oid4vp,,https://github.com/Sphereon-Opensource/SIOP-OID4VP,Apache-2.0,2021-09-08 22:32:38,2024-04-24 21:51:54.000000,2024-04-24 21:50:19,663.0,34.0,22.0,8.0,55.0,8.0,16.0,76.0,2024-04-24 21:53:08,0.6.4,15.0,57.0,57.0,12.0,,,0.0,3.0,28.0,,,,,,,,,,,,,,,,,
126,talao-altme,https://github.com/TalaoDAO/AltMe,ssi-agents,Talao / Altme wallet : Open source Self Sovereign Identity wallet. Multi ecosystem support : EBSI conformant. ARF EUDI..,,,17,False,talaodao/altme,,https://github.com/TalaoDAO/AltMe,Apache-2.0,2021-12-27 07:56:07,2024-04-25 10:35:13.000000,2024-04-25 10:32:55,4128.0,391.0,13.0,7.0,474.0,35.0,2119.0,38.0,,,,,,5.0,,,,2.0,,,,,,,,,,,,,,,,,,
127,sphereon-pex,https://github.com/Sphereon-Opensource/PEX,ssi-sdks,A Typescript implementation of the DIF Presentation Exchange specification.,,,17,False,sphereon-opensource/pex,,https://github.com/Sphereon-Opensource/PEX,Apache-2.0,2021-04-12 14:54:14,2024-04-25 15:29:44.000000,2024-04-25 15:19:33,1014.0,55.0,13.0,6.0,119.0,10.0,27.0,32.0,2024-04-24 20:52:31,3.3.2,30.0,17.0,17.0,19.0,,,1.0,3.0,62.0,,,,,,,,,,,,,,,,,
128,libfido2,https://github.com/Yubico/libfido2,authentication,"Provides library functionality for FIDO2, including communication with a device over USB or NFC.",,,16,False,yubico/libfido2,,https://github.com/Yubico/libfido2,,2018-04-19 06:32:10,2024-04-03 12:18:04.000000,2024-04-03 12:18:04,1880.0,32.0,136.0,60.0,495.0,4.0,231.0,547.0,,,,,,66.0,,,,3.0,,,,,,,,,,,,,,,,,,
129,did-core,https://github.com/w3c/did-core,specs,W3C Decentralized Identifier Specification v1.0.,,['w3c'],16,True,w3c/did-core,,https://github.com/w3c/did-core,W3C,2019-09-10 07:46:26,2024-03-21 00:01:07.000000,2023-04-11 23:37:45,1309.0,,90.0,73.0,490.0,34.0,323.0,391.0,,,,,,62.0,,,,2.0,,,,,,,,,,,,,,,,,,
130,spruceid-didkit,https://www.spruceid.dev/didkit/didkit,ssi-sdks,A cross-platform toolkit for decentralized identity.,,,16,True,spruceid/didkit,,https://github.com/spruceid/didkit,Apache-2.0,2020-10-06 21:52:28,2024-04-17 19:10:27.000000,2024-02-05 09:10:04,309.0,3.0,66.0,33.0,252.0,47.0,73.0,251.0,,,,6.0,6.0,22.0,,,,3.0,,ghcr.io/spruceid/didkit-http,https://hub.docker.com/r/ghcr.io/spruceid/didkit-http,,,,,,,,,,,,,,,
131,aries-mobile-agent-react-native,https://github.com/openwallet-foundation/bifold-wallet,ssi-agents,Aries Mobile Agent React Native - Part of the Aries Bifold effort to provide SSI capabilities in a production ready app.,,['hyperledger'],16,True,hyperledger/aries-mobile-agent-react-native,,https://github.com/openwallet-foundation/bifold-wallet,Apache-2.0,2020-11-06 19:58:19,2024-04-23 16:16:52.000000,2024-04-18 21:39:48,1683.0,40.0,116.0,19.0,870.0,64.0,185.0,131.0,,,,,,43.0,,,,3.0,,,,,,,,,,-1.0,,,,,,,openwallet-foundation/bifold-wallet,
132,waltid-walletkit,https://github.com/walt-id/waltid-walletkit,ssi-sdks,Toolkit for SSI and NFT/SBT wallets.,,,16,False,walt-id/waltid-walletkit,,https://github.com/walt-id/waltid-walletkit,Apache-2.0,2021-09-24 15:14:51,2023-12-13 10:51:53.446549,2023-12-13 10:46:56,1375.0,,24.0,4.0,111.0,,46.0,32.0,2023-12-13 10:51:55,1.2312131047.0,48.0,,,12.0,,,135.0,3.0,,waltid/walletkit,https://hub.docker.com/r/waltid/walletkit,2023-12-13 10:51:53.446549,,4188.0,,,,,,,,,,,,
133,did-spec-registries,https://github.com/w3c/did-spec-registries,dids,DID Spec Registry (Note).,,,15,False,w3c/did-spec-registries,,https://github.com/w3c/did-spec-registries,,2020-02-11 17:25:04,2024-04-25 14:33:17.000000,2024-04-01 15:33:09,813.0,3.0,184.0,40.0,365.0,39.0,150.0,111.0,,,,,,191.0,,,,3.0,,,,,,,,,,,,,,,,,,
134,presentation-exchange,https://github.com/decentralized-identity/presentation-exchange,specs,Specification that codifies an inter-related pair of data formats for defining proof presentations (Presentation..,,['dif'],15,False,decentralized-identity/presentation-exchange,,https://github.com/decentralized-identity/presentation-exchange,Apache-2.0,2020-01-07 23:10:12,2024-04-11 17:14:06.000000,2024-04-11 17:13:44,628.0,7.0,34.0,31.0,235.0,51.0,179.0,79.0,,,,,,37.0,,,,3.0,,,,,,,,,,,,,,,,,,
135,universal-registrar,https://github.com/decentralized-identity/universal-registrar,dids,Universal Registrar implementation and drivers.,,,15,False,decentralized-identity/universal-registrar,,https://github.com/decentralized-identity/universal-registrar,Apache-2.0,2017-09-29 13:01:11,2024-04-23 15:09:05.000000,2024-04-23 15:08:56,455.0,42.0,25.0,28.0,58.0,13.0,10.0,72.0,2021-10-08 12:33:05,0.2.0,2.0,,,12.0,,,,3.0,,,,,,,,,,,,,,,,,,
136,sphereon-openid4vci,https://github.com/Sphereon-Opensource/OID4VCI,ssi-sdks,OpenID for Verifiable Credential Issuance - client and issuer library.,,,15,False,sphereon-opensource/openid4vci,,https://github.com/Sphereon-Opensource/OID4VCI,Apache-2.0,2022-10-09 21:29:30,2024-04-25 00:33:29.000000,2024-04-25 00:33:28,746.0,69.0,15.0,7.0,87.0,7.0,12.0,52.0,2024-04-25 00:25:29,0.10.3,19.0,,,17.0,,,,3.0,,,,,,,,,,,,,,,,,Sphereon-Opensource/OID4VCI,
137,tbd-ssi-service,https://github.com/TBD54566975/ssi-service,ssi-agents,The Self Sovereign Identity Service.,,['web5'],14,True,tbd54566975/ssi-service,,https://github.com/TBD54566975/ssi-service,Apache-2.0,2022-03-11 18:07:18,2024-04-22 00:13:39.000000,2024-02-05 20:54:24,451.0,2.0,55.0,11.0,535.0,87.0,126.0,150.0,,,3.0,,,21.0,,,,3.0,,,,,,,,,,-1.0,,,,,,,,
138,verity-sdk,https://github.com/evernym/verity-sdk,ssi-sdks,Evernym Verity is a decentralized protocol platform for issuing and verifying digital credentials. This repo contains..,,,14,False,evernym/verity-sdk,,https://github.com/evernym/verity-sdk,Apache-2.0,2020-06-18 20:16:43,2023-04-11 16:19:34.000000,2023-04-11 16:19:31,1451.0,,37.0,13.0,115.0,,,47.0,,,,14.0,14.0,37.0,,,,3.0,,,,,,,,,,,,,,,,,,
139,appauth-js,https://github.com/openid/AppAuth-JS,authentication,JavaScript client SDK for communicating with OAuth 2.0 and OpenID Connect providers.,,['openid'],13,True,openid/appauth-js,,https://github.com/openid/AppAuth-JS,Apache-2.0,2017-04-03 11:22:40,2024-04-22 03:03:12.000000,2024-04-15 20:19:29,90.0,1.0,157.0,37.0,95.0,30.0,102.0,968.0,,,,,,10.0,,,,3.0,,,,,,,,,,,,,,,,,,
140,fedfm,https://github.com/fedidcg/FedCM,specs,A privacy preserving identity exchange Web API.,,['w3c'],13,False,fedidcg/FedCM,,https://github.com/fedidcg/FedCM,,2020-03-20 21:58:44,2024-03-25 18:26:59.000000,2024-03-25 18:25:14,685.0,3.0,59.0,72.0,272.0,135.0,141.0,340.0,,,,,,33.0,,,,3.0,,,,,,,,,,,,,,,,,,
141,beyond,https://github.com/cogolabs/beyond,machine,BeyondCorp-inspired HTTPS/SSO Access Proxy. Secure internal services outside your VPN/perimeter network during a zero-..,,,13,False,cogolabs/beyond,,https://github.com/cogolabs/beyond,	Apache-2.0,2017-08-13 18:29:25,2022-05-26 15:15:14.000000,2022-05-25 16:48:25,133.0,,24.0,9.0,2.0,4.0,1.0,246.0,2022-05-26 15:15:14,1.8.10,4.0,,,5.0,,,220.0,3.0,,cogolabs/beyond,https://hub.docker.com/r/cogolabs/beyond,2021-03-16 02:43:33.655703,,17626.0,,,,,,,,,,,,
142,django-passkeys,https://github.com/mkalioby/django-passkeys,authentication,Django Authentication Backend For Passkeys.,,,13,True,mkalioby/django-passkeys,,https://github.com/mkalioby/django-passkeys,MIT,2022-10-28 09:46:58,2024-01-06 03:29:10.000000,2024-01-05 10:40:33,61.0,,18.0,10.0,16.0,4.0,10.0,162.0,,,,12.0,12.0,4.0,,,395.0,3.0,,,,,,,django-passkeys,https://pypi.org/project/django-passkeys,395.0,,,,,,,,,
143,web-access-control,https://github.com/solid/web-access-control-spec,specs,Web Access Control (WAC).,,['solid'],13,True,solid/web-access-control-spec,,https://github.com/solid/web-access-control-spec,MIT,2016-04-01 18:02:56,2024-03-05 17:09:59.000000,2024-03-05 17:09:57,462.0,6.0,22.0,29.0,41.0,26.0,46.0,119.0,,,,,,18.0,,,,3.0,,,,,,,,,,,,,,,,,,
144,sidetree.js,https://github.com/transmute-industries/sidetree.js,dids,Sidetree Core Protocol and DID Method Drivers.,,,13,False,transmute-industries/sidetree.js,,https://github.com/transmute-industries/sidetree.js,Apache-2.0,2020-03-05 16:17:28,2023-11-18 18:29:02.000000,2022-09-20 17:04:09,2014.0,,25.0,9.0,432.0,29.0,75.0,50.0,,,1.0,3.0,3.0,14.0,,,,3.0,,,,,,,,,,,,,,,,,,
145,selective-disclosure-jwt,https://github.com/oauth-wg/oauth-selective-disclosure-jwt,specs,,,,13,False,oauth-wg/oauth-selective-disclosure-jwt,,https://github.com/oauth-wg/oauth-selective-disclosure-jwt,,2022-05-09 14:15:35,2024-04-25 00:12:10.000000,2024-04-02 21:25:05,722.0,16.0,27.0,14.0,212.0,11.0,200.0,50.0,2024-03-04 17:15:56,draft-ietf-oauth-selective-disclosure-jwt-08,3.0,,,19.0,,,,3.0,,,,,,,,,,,,,,,,,,
146,did-key.rs,https://github.com/decentralized-identity/did-key.rs,dids,Rust implementation of the did:key method.,,['dif'],13,False,decentralized-identity/did-key.rs,,https://github.com/decentralized-identity/did-key.rs,Apache-2.0,2021-01-18 13:26:31,2024-03-18 01:31:53.000000,2023-02-10 20:11:40,37.0,,21.0,14.0,28.0,7.0,9.0,47.0,,,,64.0,64.0,11.0,,,,3.0,,,,,,,,,,,,,,,,,,
147,anoncreds,https://github.com/hyperledger/anoncreds-spec,specs,The specification for AnonCreds verifiable credential exchange.,,['hyperledger'],13,False,hyperledger/anoncreds-spec,,https://github.com/hyperledger/anoncreds-spec,Apache-2.0,2022-02-19 17:05:57,2024-03-17 13:28:46.000000,2024-03-17 13:28:22,539.0,6.0,24.0,12.0,143.0,14.0,42.0,45.0,,,,,,26.0,,,,3.0,,,,,,,,,,,,,,,,,,
148,waltid-idpkit,https://github.com/walt-id/waltid-idpkit,ssi-sdks,OIDC identity provider for digital identity.,,,13,False,walt-id/waltid-idpkit,,https://github.com/walt-id/waltid-idpkit,Apache-2.0,2022-03-21 16:28:15,2023-12-13 11:00:32.879438,2023-12-13 10:56:38,350.0,,6.0,3.0,36.0,,36.0,23.0,2023-09-07 16:06:04,1.2309071555.0,28.0,,,9.0,,,29.0,3.0,,waltid/idpkit,https://hub.docker.com/r/waltid/idpkit,2023-12-13 11:00:32.879438,,739.0,,,,,,,,,,,,
149,did-method-plc,https://github.com/did-method-plc/did-method-plc,dids,"A cryptographic, strongly-consistent, and recoverable DID method.",,,12,False,did-method-plc/did-method-plc,did-resolver,https://github.com/did-method-plc/did-method-plc,,2023-02-22 19:57:31,2024-03-24 14:16:07.000000,2024-01-30 20:57:49,121.0,2.0,25.0,12.0,43.0,10.0,10.0,126.0,,,,,,8.0,https://www.npmjs.com/package/did-resolver,202264.0,202264.0,3.0,,,,,,,,,,,,,,,,,,
150,cf-identity-wallet,https://github.com/cardano-foundation/cf-identity-wallet,ssi-agents,Identity Wallet is an open source mobile application developed by the Cardano Foundation. It provides a digital..,,,12,False,cardano-foundation/cf-identity-wallet,,https://github.com/cardano-foundation/cf-identity-wallet,MPL-2.0,2022-12-19 13:49:48,2024-04-25 17:22:00.000000,2024-04-16 13:43:38,460.0,92.0,8.0,20.0,439.0,,,71.0,,,,,,11.0,,,,3.0,,,,,,,,,,,,,,,,,,
151,entra-verifiedid-wallet-library-ios,https://github.com/microsoft/entra-verifiedid-wallet-library-ios,ssi-sdks,A library to manage your Decentralized Identities and Verified IDs on iOS.,,,12,False,microsoft/entra-verifiedid-wallet-library-ios,,https://github.com/microsoft/entra-verifiedid-wallet-library-ios,MIT,2022-11-17 19:38:59,2024-04-25 15:49:02.000000,2024-04-25 15:49:01,89.0,27.0,7.0,11.0,93.0,4.0,1.0,21.0,2024-04-02 18:31:17,1.0.1,3.0,,,4.0,,,,3.0,,,,,,,,,,,,,,,,,,
152,bbs-signature,https://github.com/decentralized-identity/bbs-signature,specs,The BBS Signature Scheme.,,['dif'],11,False,decentralized-identity/bbs-signature,,https://github.com/decentralized-identity/bbs-signature,Apache-2.0,2021-08-23 11:09:09,2024-04-25 00:09:27.000000,2024-01-31 19:22:55,877.0,2.0,22.0,14.0,176.0,18.0,124.0,71.0,,,,,,17.0,,,,3.0,,,,,,,,,,,,,,,,,,
153,universal-wallet-interop-spec,https://github.com/w3c-ccg/universal-wallet-interop-spec,specs,A data model and abstract interfaces for digital wallets.,,['w3c'],11,False,w3c-ccg/universal-wallet-interop-spec,,https://github.com/w3c-ccg/universal-wallet-interop-spec,W3C,2020-08-25 01:43:15,2023-05-18 13:45:33.000000,2023-02-22 15:32:05,319.0,,12.0,45.0,47.0,42.0,24.0,56.0,,,,3.0,3.0,10.0,,,,3.0,,,,,,,,,,,,,,,,,,
154,sphereon-ssi-mobile-wallet,https://github.com/Sphereon-Opensource/mobile-wallet,ssi-agents,Open-Source Mobile SSI Wallet.,,,11,False,sphereon-opensource/ssi-mobile-wallet,,https://github.com/Sphereon-Opensource/mobile-wallet,GPL-3.0,2022-11-08 00:55:26,2024-04-24 20:17:18.000000,2024-04-18 04:12:43,983.0,53.0,9.0,9.0,165.0,10.0,10.0,51.0,,,,,,8.0,,,,3.0,,,,,,,,,,,,,,,,,Sphereon-Opensource/mobile-wallet,
155,credible,https://github.com/spruceid/wallet,ssi-agents,A reference credential wallet built on Flutter and DIDKit.,,,11,False,spruceid/wallet,,https://github.com/spruceid/wallet,Apache-2.0,2020-07-23 21:18:28,2024-03-05 13:50:44.000000,2023-10-02 22:37:32,194.0,,19.0,19.0,74.0,12.0,25.0,43.0,,,,,,12.0,,,,3.0,,,,,,,,,,,,,,,,,,
156,pyMDOC-CBOR,https://github.com/IdentityPython/pyMDOC-CBOR,ssi-sdks,MDOC CBOR static Verifier and Issuer for EUDI Wallet PID and mDL use cases.,,,11,False,IdentityPython/pyMDOC-CBOR,,https://github.com/IdentityPython/pyMDOC-CBOR,Apache-2.0,2023-04-23 15:28:16,2024-04-11 08:24:17.000000,2024-04-11 08:24:17,78.0,14.0,8.0,10.0,3.0,1.0,2.0,14.0,2024-02-09 12:04:08,0.6.1,2.0,,,3.0,,,,3.0,,,,,,,pymdoccobr,https://pypi.org/project/pymdoccobr,,,,,,,,,,
157,ion-tools,https://github.com/decentralized-identity/ion-tools,dids,Tools and utilities to make working with the ION network and using ION DIDs easy peasy lemon squeezy.,,,10,True,decentralized-identity/ion-tools,,https://github.com/decentralized-identity/ion-tools,Apache-2.0,2021-03-22 20:30:11,2024-03-19 15:54:10.000000,2023-07-31 13:48:42,119.0,,36.0,16.0,24.0,20.0,14.0,139.0,,,,,,10.0,,,,3.0,,,,,,,,,,,,,,,,,,
158,identity-credential,https://github.com/WICG/digital-identities,specs,Proposals related to the invocation of digital identity wallets from the web.,,['w3c'],10,False,wicg/identity-credential,,https://github.com/WICG/digital-identities,,2023-04-23 18:07:46,2024-04-16 20:41:47.000000,2024-04-16 20:41:47,89.0,26.0,7.0,34.0,35.0,41.0,30.0,48.0,,,,,,10.0,,,,3.0,,,,,,,,,,,,,,,,,WICG/digital-identities,
159,vlei,https://github.com/WebOfTrust/vLEI,specs,Public Open Specifications for GLEIF vLEI (verifiable Legal Entity Identifiers).,,,10,False,weboftrust/vlei,,https://github.com/WebOfTrust/vLEI,Apache-2.0,2021-04-19 14:33:35,2024-03-29 13:53:34.000000,2023-11-22 14:33:11,88.0,,11.0,9.0,35.0,21.0,28.0,24.0,,,,,,6.0,,,,3.0,,,,,,,,,,,,,,,,,,
160,did-webs-resolver,https://github.com/hyperledger-labs/did-webs-resolver,dids,A reference implementation for the did:webs DID method specified here https://github.com/trustoverip/tswg-did-method-..,,,10,False,hyperledger-labs/did-webs-resolver,,https://github.com/hyperledger-labs/did-webs-resolver,Apache-2.0,2023-09-19 23:27:32,2024-04-12 14:24:33.000000,2024-04-12 14:24:33,121.0,17.0,8.0,4.0,36.0,14.0,21.0,7.0,,,1.0,,,5.0,,,,3.0,,,,,,,,,,,,,,,,,,
161,kepler,https://github.com/spruceid/kepler,ssi-sdks,Decentralized storage based on permissioned data overlays called orbits.,,,9,False,spruceid/kepler,,https://github.com/spruceid/kepler,Apache-2.0,2021-03-22 16:14:05,2023-10-20 13:00:41.000000,2023-07-27 11:22:21,202.0,,11.0,20.0,123.0,9.0,15.0,73.0,,,,,,8.0,,,,3.0,,,,,,,,,,,,,,,,,,
162,did-key.js,https://github.com/transmute-industries/did-key.js,dids,A DID Key Implementation in TypeScript.,,,9,False,transmute-industries/did-key.js,,https://github.com/transmute-industries/did-key.js,Apache-2.0,2020-06-09 00:16:20,2023-03-15 09:01:48.000000,2022-12-12 16:31:36,556.0,,15.0,9.0,260.0,37.0,10.0,53.0,,,,,,9.0,,,,3.0,,,,,,,,,,,,,,,,,,
163,keri,https://github.com/WebOfTrust/keri,specs,KERI Community Development Efforts Meetings Discussion.,,['weboftrust'],9,False,weboftrust/keri,,https://github.com/WebOfTrust/keri,Apache-2.0,2021-10-11 17:54:56,2024-01-25 18:44:46.000000,2024-01-25 18:44:46,249.0,,13.0,11.0,24.0,,4.0,42.0,,,,,,10.0,,,,3.0,,,,,,,,,,,,,,,,,,
164,entra-verifiedid-wallet-library-android,https://github.com/microsoft/entra-verifiedid-wallet-library-android,ssi-sdks,A library to manage your Decentralized Identities and Verified IDs on Android.,,,9,False,microsoft/entra-verifiedid-wallet-library-android,,https://github.com/microsoft/entra-verifiedid-wallet-library-android,MIT,2022-11-17 18:59:22,2024-04-15 18:45:20.000000,2024-04-10 19:12:46,71.0,8.0,4.0,11.0,76.0,1.0,1.0,19.0,2023-06-20 20:22:25,1.0.0,2.0,,,5.0,,,,3.0,,,,,,,,,,,,,,,,,,
165,did-webs,https://github.com/trustoverip/tswg-did-method-webs-specification,dids,a DID method spec for did:webs.,,,9,False,trustoverip/tswg-did-method-webs-specification,,https://github.com/trustoverip/tswg-did-method-webs-specification,,2023-06-27 19:57:19,2024-04-12 15:08:43.000000,2024-04-12 15:07:12,249.0,17.0,10.0,10.0,90.0,12.0,37.0,11.0,,,,,,10.0,,,,3.0,,,,,,,,,,,,,,,,,,
166,waltid-web-wallet,https://github.com/walt-id/waltid-web-wallet,ssi-agents,Custodian identity wallet white-label solution.,,,9,False,walt-id/waltid-web-wallet,,https://github.com/walt-id/waltid-web-wallet,,2023-07-27 19:04:55,2024-01-09 08:33:17.000000,2024-01-09 08:32:53,181.0,,1.0,2.0,69.0,,6.0,,2023-11-24 22:29:54,1.2311242224.0,48.0,,,8.0,,,285.0,3.0,,waltid/ssikit-web-wallet,https://hub.docker.com/r/waltid/ssikit-web-wallet,2023-06-29 16:56:55.416195,,2571.0,,,,,,,,,,,,
167,ssi-to-oidc-bridge,https://github.com/GAIA-X4PLC-AAD/ssi-to-oidc-bridge,ssi-sdks,TP 1.2 OIDC Provider with VC Support.,,,5,False,gaia-x4plc-aad/ssi-to-oidc-bridge,,https://github.com/GAIA-X4PLC-AAD/ssi-to-oidc-bridge,MIT,2023-11-14 09:30:33,2024-04-18 23:44:26.000000,2024-02-12 14:43:52,14.0,3.0,1.0,13.0,9.0,3.0,8.0,8.0,,,,,,3.0,,,,3.0,,,,,,,,,,,,,,,,,,
168,cfssl,{},pki,CloudFlares PKI toolkit.,,,2,False,cloudfare/cfssl,,,,,2024-03-19 19:02:25.845697,,,,,,,,,23.0,,,,,,,,,,3.0,,cfssl/cfssl,https://hub.docker.com/r/cfssl/cfssl,2024-03-19 19:02:25.845697,23.0,4148567.0,,,,,,,,,,,,
169,ejbca-ce,{},pki,EJBCA Open source public key infrastructure (PKI) and certificate authority (CA) software.,,,1,False,Keyfactor/ejbca,,,,,2023-12-07 12:20:56.570544,,,,,,,,,31.0,,,,,,,,,,3.0,,keyfactor/ejbca-ce,https://hub.docker.com/r/keyfactor/ejbca-ce,2023-12-07 12:20:56.570544,31.0,115224.0,,,,,,,,,,,,
170,vc-api,{},specs,,,['w3c'],1,False,w3c-ccg/vs-api,,,W3C,,,,,,,,,,,,,,,,,,,,,3.0,,,,,,,,,,,,,,,,,,
171,decentralized-web-node,{},specs,,,"['dif', 'web5']",0,False,decentralized-identity/decentralize-web-node,,,,,,,,,,,,,,,,,,,,,,,,,,,,,,,,,,,,,,,,,,
172,didcomm-messaging,{},specs,,,['dif'],0,False,decentralized-identity/didcomm-messagging,,,,,,,,,,,,,,,,,,,,,,,,,,,,,,,,,,,,,,,,,,
173,go-webauthn,,authentication,,,,0,False,,,,,,,,,,,,,,,,,,,,,,,,,,,,,,,,,,,,,,,,,,,go-webauthn/webauthn
174,oauth2-proxy,,authentication,,,,0,False,,,,,,,,,,,,,,,,,,,,,,,,,,,quay.io/oauth2-proxy/oauth2-proxy,https://hub.docker.com/r/quay.io/oauth2-proxy/oauth2-proxy,,,,,,,,,,,,,,,oauth2-proxy/oauth2-proxy
